{
  "id": "blockstream-mempool",
  "fetchedAt": 1771776527628,
  "contentType": "application/json",
  "body": "{\"count\":12061,\"vsize\":3267723,\"total_fee\":1426302,\"fee_histogram\":[[3.213720316622691,50443],[2.34703196347032,51510],[2.0105820105820107,50082],[1.3139013452914798,50092],[1.0583501006036218,50017],[1.0032489508596183,62235],[0.5343811394891945,57629],[0.12186379928315412,62150],[0.11469534050179211,56805],[0.11224489795918367,75341],[0.11177644710578842,56947],[0.11155378486055777,65394],[0.10771992818671454,101975],[0.10752688172043011,97440],[0.10379241516966067,614112],[0.10358565737051793,201600],[0.1003584229390681,52868],[0.10023847376788553,83603],[0.10021975437487597,68031],[0.10021828123736798,68032],[0.1002176201124433,66745],[0.10021754468485419,68032],[0.10021717641265723,68033],[0.1002160716123058,68033],[0.10021496683631285,68034],[0.10021386208467763,68035],[0.10021349383954523,68035],[0.10021202088607828,68036],[0.10021054797591007,68037],[0.10020981153706242,68038],[0.1002094433216976,68038],[0.1002087068990858,136076],[0.10020797048729763,68039],[0.10020723408633284,68039],[0.10020576131687242,68040],[0.10020502494837634,68041],[0.10020318407448368,68042],[0.10020023881693763,68044]]}",
  "httpStatus": 200
}