{
  "id": "blockstream-mempool",
  "fetchedAt": 1771193220259,
  "contentType": "application/json",
  "body": "{\"count\":7608,\"vsize\":2300108,\"total_fee\":866564,\"fee_histogram\":[[1.9971152779318762,51104],[1.0067266391117595,53841],[1.0056591847834075,52306],[1.0056296209192597,51202],[1.0055704984052796,56296],[1.0054818276677984,61255],[1.0049261083743843,50012],[1.0015066914827617,55265],[1.0,61867],[0.13572854291417166,50929],[0.12186379928315412,73270],[0.11976047904191617,58647],[0.11952191235059761,53802],[0.10379241516966067,627319],[0.10000409810872282,97705],[0.10000329692346319,98577],[0.10000226682551236,99258],[0.10000208337673702,95998],[0.10000197142559418,88769],[0.1000019055241144,91839],[0.10000169762954328,88359],[0.10000109410387423,91399],[0.10000107666964546,92879],[0.10000076367551937,98210]]}",
  "httpStatus": 200
}